,index,Time,0
0,0,0.0,0
1,1,1.495590277777778,4
2,2,0.865625,1
3,4,1.4885995370370373,0
4,5,0.0,3
5,11,0.0,4
6,17,0.0,2
7,18,6.06775462962963,2
8,21,4.948703703703703,3
9,22,4.956284722222223,1
10,31,13.422233796296297,4
11,119,42.20128472222222,1
12,353,90.2157175925926,0
13,369,104.56734953703705,0
14,436,154.03934027777777,1
15,449,157.97590277777778,0
16,477,171.7178935185185,0
17,505,174.39081018518522,1
18,601,195.44914351851853,1
19,661,216.46690972222223,1
20,784,257.24212962962963,0
21,792,0.0,4
22,810,0.0,3
23,832,54.84155092592592,4
24,856,0.0,3
25,857,33.68079861111111,4
26,858,33.23607638888889,1
27,859,33.237037037037034,1
28,860,0.0,3
29,861,55.31009259259259,1
30,870,0.0,2
31,873,0.0,2
32,892,0.0,4
33,912,17.152199074074073,1
34,919,22.22537037037037,1
35,967,152.73074074074074,2
36,971,158.21108796296295,4
37,977,0.0,4
38,988,0.0,3
39,992,0.0,1
40,998,0.0,3
41,999,7.264039351851852,4
42,1002,27.816655092592597,4
43,1003,35.221979166666664,4
44,1005,38.741967592592594,2
45,1019,17.106273148148148,4
46,1024,34.90821759259259,1
47,1028,54.22045138888889,1
48,1033,63.85125,1
49,1036,68.3919675925926,1
50,1061,0.0,2
51,1071,195.6236226851852,4
52,1096,0.0,2
53,1098,0.3346875,4
54,1100,4.28863425925926,4
55,1109,20.19898148148148,4
56,1125,52.71047453703704,3
57,1131,0.0,4
58,1133,0.0253819444444444,3
59,1142,8.225335648148148,2
60,1146,104.7204398148148,4
61,1169,0.0,3
62,1172,4.905219907407408,1
63,1178,0.0,1
64,1186,0.0,2
65,1201,0.0094560185185185,4
66,1203,0.0273148148148148,4
67,1204,0.0333912037037037,4
68,1208,0.0679861111111111,4
69,1211,0.0863078703703703,1
70,1215,213.3381828703704,1
71,1223,235.75234953703705,4
72,1224,235.76311342592592,4
73,1247,254.9993171296296,1
74,1249,255.1070833333333,4
75,1263,260.3586226851852,4
76,1272,261.1198726851852,1
77,1298,274.82056712962964,4
78,1324,291.7070023148148,2
79,1346,296.1790625,3
80,1348,296.69837962962964,4
81,1362,296.9357175925926,4
82,1364,297.163275462963,2
83,1371,297.19306712962964,4
84,1375,297.2620833333333,4
85,1456,303.33883101851853,2
86,1486,304.1650462962963,0
87,1523,331.1126273148148,4
88,1540,331.99296296296296,2
89,1561,0.0154513888888888,4
90,1562,0.0,3
91,1563,0.0,1
92,1580,5.325659722222222,0
93,1654,0.0,1
94,1692,90.12310185185186,2
95,1693,90.25077546296298,2
96,1714,103.60059027777778,1
97,1717,104.55065972222222,1
98,1725,108.14986111111112,1
99,1736,86.26112268518519,2
100,1737,87.12548611111112,3
101,1745,101.8194212962963,3
102,1748,106.31599537037036,3
103,1750,0.0,2
104,1756,220.8662962962963,2
105,1757,235.6896064814815,2
106,1758,290.7166550925926,2
107,1761,0.0,4
108,1766,0.0,1
109,1767,0.0069328703703703,4
110,1805,0.0,1
111,1825,29.11239583333333,4
112,1829,0.0,3
113,1832,0.0,4
114,1835,18.05484953703704,3
115,1843,36.75365740740741,1
116,1845,43.74988425925927,4
117,1846,43.78988425925927,2
118,1848,48.71586805555555,4
119,1850,48.75606481481481,3
120,1877,57.17366898148149,1
121,1884,68.98141203703703,4
122,1901,0.0,2
123,1902,21.15359953703704,2
124,1923,57.58997685185185,1
125,1947,84.64221064814815,3
126,1950,217.5419097222222,2
127,1956,0.0327314814814814,3
128,1962,0.4984606481481481,1
129,1963,0.5000231481481482,3
130,1967,0.5084143518518518,1
131,2036,35.674166666666665,3
132,2062,44.62483796296297,4
133,2085,47.533831018518526,1
134,2105,50.840752314814814,1
135,2198,71.26112268518519,3
136,2231,74.2128125,1
137,2244,84.81542824074074,4
138,2248,87.85834490740741,1
139,2250,87.97180555555556,3
140,2278,158.95519675925925,1
141,2305,197.30480324074077,1
142,2370,0.0,1
143,2380,4.951099537037037,1
144,2385,4.994305555555556,3
145,2387,0.0,2
146,2391,59.606319444444445,2
147,2393,120.55835648148148,4
148,2395,164.01127314814815,2
149,2396,181.57864583333333,1
150,2399,1.705613425925926,3
151,2415,42.639375,3
152,2423,59.59796296296296,1
153,2424,61.59554398148149,3
154,2454,181.53379629629632,0
155,2470,205.49958333333333,1
156,2472,208.3178472222222,3
157,2481,0.0,1
158,2484,75.23274305555556,3
159,2488,0.0,4
160,2500,3.0563425925925927,4
161,2504,0.0,0
162,2513,3.7975810185185184,3
163,2521,0.0,2
164,2596,6.527939814814815,0
165,2649,10.071111111111112,3
166,2678,0.0,3
167,2687,0.0,2
168,2707,44.37774305555556,1
169,2764,157.39390046296296,1
170,2772,171.3030439814815,3
171,2852,0.0,3
172,2854,0.0,2
173,2884,0.0,2
174,2893,24.062523148148152,2
175,2896,0.0,1
176,2897,8.598599537037037,4
177,2904,19.57084490740741,4
178,2922,20.017789351851853,2
179,2931,21.83138888888889,2
180,2933,22.117025462962964,3
181,2934,23.17758101851852,1
182,2936,23.95539351851852,4
183,2982,194.86920138888888,3
184,2986,0.0101041666666666,2
185,2988,0.0045023148148148,3
186,3010,7.1457291666666665,2
187,3013,7.347453703703704,1
188,3049,9.514224537037038,4
189,3070,13.552662037037036,1
190,3192,62.513020833333336,4
191,3214,63.312465277777775,1
192,3216,63.34559027777778,1
193,3218,63.34663194444445,3
194,3250,0.0,4
195,3252,121.92856481481482,4
196,3253,138.39561342592592,3
197,3326,0.0,4
198,3329,129.07972222222222,3
199,3330,0.0,4
200,3331,1.0734837962962962,2
201,3334,0.0,2
202,3348,0.0,2
203,3358,18.16917824074074,2
204,3360,28.415347222222223,2
205,3361,1.3860185185185188,3
206,3367,4.417881944444445,4
207,3440,16.45133101851852,3
208,3443,18.10047453703704,4
209,3452,22.416736111111117,2
210,3455,22.426793981481485,4
211,3497,47.43438657407408,3
212,3536,70.42461805555556,3
213,3538,70.42663194444444,1
214,3549,75.02309027777778,1
215,3576,87.80174768518519,1
216,3677,117.83496527777778,3
217,3699,122.08288194444444,1
218,3703,122.39556712962964,3
219,3749,135.31804398148148,1
220,3794,142.27542824074075,1
221,3814,144.82694444444445,1
222,3847,150.3621875,3
223,3883,159.87020833333332,4
224,3891,163.1517824074074,3
225,3892,163.15346064814815,1
226,3943,177.05422453703707,0
227,3952,177.27087962962966,4
228,3988,192.0903125,3
229,4024,200.8966435185185,4
230,4039,205.3704398148148,2
231,4044,208.99569444444444,2
232,4059,0.0,4
233,4075,10.648125,1
234,4078,11.523530092592594,3
235,4079,11.999837962962964,4
236,4088,25.42851851851852,4
237,4093,32.57649305555555,1
238,4095,32.58422453703704,3
239,4107,141.83975694444445,0
240,4110,170.7066898148148,1
241,4113,0.0,4
242,4130,39.267488425925926,2
243,4144,43.36142361111112,4
244,4155,0.0,4
245,4156,5.1449189814814815,2
246,4157,5.139756944444445,3
247,4160,1.3921180555555557,1
248,4166,3.646574074074074,3
249,4179,0.0,1
250,4189,12.965532407407409,1
251,4226,4.443148148148148,1
252,4235,8.317025462962963,3
253,4265,53.1425,4
254,4268,0.0015046296296296,2
255,4269,0.958460648148148,2
256,4270,0.9655092592592592,2
257,4272,29.11679398148148,2
258,4273,0.0,3
259,4282,28.18302083333333,4
260,4288,34.16172453703704,4
261,4306,0.0077546296296296,3
262,4307,0.0087847222222222,4
263,4320,0.0,4
264,4325,0.0,4
265,4326,0.0069212962962962,4
266,4327,0.008599537037037,4
267,4329,0.0,2
268,4330,102.68967592592593,2
269,4334,102.66717592592592,4
270,4335,102.67376157407408,1
271,4340,115.02458333333334,4
272,4350,0.0,3
273,4351,1.671724537037037,4
274,4352,18.067465277777774,2
275,4353,34.8683912037037,1
276,4354,1.1167476851851852,3
277,4355,1.6696064814814815,3
278,4356,17.60849537037037,3
279,4370,0.0,4
280,4371,2.9708564814814817,3
281,4372,0.0,1
282,4373,0.3988078703703703,1
283,4376,0.7017476851851853,4
284,4379,1.6064930555555557,3
285,4380,1.6077546296296297,1
286,4384,3.0297453703703705,1
287,4385,3.49,3
288,4388,3.566539351851852,1
289,4396,5.077673611111111,3
290,4398,6.738182870370371,4
291,4400,7.060104166666667,4
292,4403,8.11605324074074,1
293,4409,10.01019675925926,1
294,4410,10.123055555555556,1
295,4411,10.123414351851851,1
296,4413,10.516736111111111,3
297,4414,10.579340277777778,3
298,4415,10.58050925925926,4
299,4416,10.58113425925926,4
300,4417,10.581527777777778,1
301,4418,10.581979166666668,4
302,4419,10.582638888888887,4
303,4420,10.58304398148148,4
304,4423,10.896493055555556,1
305,4424,10.923449074074076,1
306,4425,10.926620370370372,1
307,4426,11.00875,1
308,4427,11.009189814814816,1
309,4428,11.020115740740742,3
310,4429,11.02158564814815,1
311,4430,11.022291666666668,4
312,4433,11.447615740740742,2
313,4434,11.455173611111112,3
314,4435,11.457060185185188,3
315,4436,11.460601851851854,2
316,4438,11.491087962962965,1
317,4445,40.96246527777778,0
318,4447,71.35590277777777,4
319,4452,0.0,3
320,4467,202.5611342592593,3
321,4476,0.0,0
322,4487,152.09070601851852,1
323,4491,152.68574074074073,3
324,4493,152.75240740740742,3
325,4499,153.02128472222222,0
326,4505,155.1843287037037,1
327,4569,202.7910300925926,3
328,4579,209.67266203703704,2
329,4590,217.28734953703704,3
330,4595,219.9183912037037,3
331,4635,2.159201388888889,1
332,4648,0.0,2
333,4690,0.0,4
334,4719,18.44388888888889,3
335,4727,116.44675925925924,1
336,4731,123.41263888888888,1
337,4738,0.0,3
338,4740,0.0,3
339,4742,17.384965277777777,4
340,4745,16.99912037037037,0
341,4746,17.000069444444446,1
342,4751,0.0,3
343,4758,0.0,2
344,4779,136.27940972222223,1
345,4830,142.85109953703704,1
346,4836,142.88358796296296,0
347,4837,142.88533564814816,3
348,4840,142.88912037037036,3
349,4845,142.89903935185183,4
350,4847,142.92340277777777,3
351,4849,142.93634259259258,4
352,4851,142.94188657407406,3
353,4853,142.945625,4
354,4855,142.95091435185185,3
355,4856,142.95767361111112,1
356,4858,142.97458333333333,4
357,4879,143.2759027777778,1
358,4884,143.5154050925926,3
359,4972,144.13627314814815,3
360,5004,0.0,3
361,5007,0.0,3
362,5008,0.0442476851851851,3
363,5010,0.0016319444444444,1
364,5012,0.8602777777777778,1
365,5013,0.8661458333333333,3
366,5020,7.0791203703703705,4
367,5021,7.094467592592593,4
368,5023,2.965115740740741,0
369,5025,0.0,4
370,5026,18.550625,4
371,5030,6.5473032407407405,1
372,5032,18.52460648148148,1
373,5049,258.11751157407406,0
374,5050,258.11898148148146,0
375,5056,258.13118055555555,1
376,5162,285.6616550925926,0
377,5246,0.0,2
378,5247,4.934560185185185,2
379,5248,57.88118055555555,2
380,5249,127.66997685185186,2
381,5251,0.9833796296296295,0
382,5252,3.794884259259259,2
383,5253,3.8766203703703694,1
384,5254,3.895439814814815,2
385,5255,3.903703703703704,3
386,5256,3.9071180555555554,3
387,5257,3.9191435185185184,2
388,5258,3.927986111111111,2
389,5259,3.959884259259259,3
390,5261,3.966203703703704,1
391,5264,3.9728125,2
392,5265,3.977326388888889,3
393,5266,4.852881944444444,2
394,5275,31.79917824074074,2
395,5282,68.93398148148148,0
396,5285,123.20788194444444,4
397,5286,123.21085648148149,3
398,5288,124.2152199074074,3
399,5289,124.2174537037037,2
400,5291,125.70971064814816,2
401,5296,126.60212962962964,2
402,5297,126.611875,1
403,5300,126.97689814814817,2
404,5302,126.99464120370372,2
405,5307,127.0082523148148,3
406,5308,127.00954861111111,3
407,5310,127.01702546296296,4
408,5312,127.0232523148148,2
409,5314,127.60020833333331,1
410,5321,0.0,3
411,5362,261.9416550925926,1
412,5448,368.092650462963,1
413,5457,370.4440393518519,3
414,5459,370.4564699074074,3
415,5499,0.0,2
416,5500,12.607118055555556,2
417,5501,0.0,1
418,5510,0.0,2
419,5514,0.0,0
420,5515,27.18486111111111,2
421,5518,26.573680555555555,1
422,5519,26.949247685185185,3
423,5520,26.95973379629629,3
424,5522,0.0,2
425,5523,85.68664351851852,2
426,5524,103.69282407407408,3
427,5525,0.0,1
428,5527,3.2344097222222223,2
429,5531,22.213159722222223,0
430,5534,22.214583333333337,1
431,5552,2.772291666666667,3
432,5553,3.983287037037037,2
433,5564,0.0,2
434,5568,3.5230208333333333,2
435,5677,58.72748842592593,1
436,5717,44.67856481481482,2
437,5720,381.6144212962963,2
438,5750,0.0,1
439,5752,2.720717592592593,1
440,5755,0.0,2
441,5779,77.04079861111111,0
442,5793,0.0,3
443,5799,0.3244907407407407,3
444,5802,0.0,2
445,5803,5.006446759259259,2
446,5809,0.8160416666666667,2
447,5882,4.7627546296296295,4
448,6072,41.47479166666667,1
449,6116,0.0,2
450,6117,0.3285185185185185,4
451,6118,0.3419907407407407,2
452,6121,0.3204629629629629,3
453,6124,0.0,4
454,6127,0.044537037037037,3
455,6128,6.342268518518519,4
456,6130,12.305462962962965,3
457,6132,22.606122685185188,3
458,6134,147.99219907407408,2
459,6135,171.76680555555555,2
460,6136,202.13288194444445,2
461,6138,215.3350462962963,4
462,6143,6.122638888888889,4
463,6144,6.139641203703704,4
464,6155,0.0,1
465,6193,0.0,3
466,6326,29.87462962962963,3
467,6348,31.125659722222224,3
468,6432,0.0,1
469,6434,5.027962962962963,4
470,6436,12.841064814814814,3
471,6437,16.618900462962962,4
472,6438,17.72972222222222,4
473,6439,18.77679398148148,4
474,6445,38.73768518518519,3
475,6448,24.695578703703703,3
476,6451,38.6862962962963,1
477,6471,93.63409722222224,1
478,6474,94.63328703703704,3
479,6479,166.50655092592592,1
480,6481,166.59913194444445,3
481,6499,0.0,3
482,6501,88.06935185185186,4
483,6505,176.26146990740742,4
484,6506,88.01559027777779,4
485,6507,88.02649305555556,3
486,6510,88.19277777777779,4
487,6517,170.7828587962963,3
488,6530,170.83657407407406,4
489,6531,171.18246527777777,4
490,6534,171.2141550925926,3
491,6536,174.87615740740742,1
492,6537,175.79570601851853,1
493,6538,175.79703703703706,1
494,6539,0.5893634259259259,4
495,6540,0.7375810185185186,2
496,6548,0.9104166666666668,4
497,6554,2.846145833333334,3
498,6555,0.0,2
499,6585,20.01273148148148,1
500,6612,56.99457175925926,4
501,6629,61.30116898148148,0
502,6652,65.96702546296297,3
503,6657,65.9967361111111,2
504,6713,118.99368055555556,3
505,6732,0.0,4
506,6734,32.78164351851852,1
507,6735,32.81966435185185,1
508,6756,48.59342592592593,3
509,6762,0.0,2
510,6773,0.0,4
511,6774,0.8052314814814815,2
512,6779,4.681516203703704,0
513,6792,0.0,4
514,6794,151.89328703703703,1
515,6804,42.77913194444445,3
516,6806,44.95193287037038,0
517,6807,46.681562500000005,1
518,6809,48.50711805555556,1
519,6810,50.59256944444444,4
520,6820,258.0802430555556,1
521,6833,0.0,2
522,6850,55.20425925925926,4
523,6869,77.07087962962963,4
524,6911,0.0,3
525,6912,30.921435185185185,3
526,6913,33.85597222222222,3
527,6914,37.84164351851852,4
528,6915,37.88622685185185,4
529,6919,0.0,4
530,6924,0.0,3
531,6930,0.0,4
532,6934,0.0132407407407407,4
533,6942,0.0,2
534,6951,50.1671875,3
535,6953,51.02489583333333,2
536,6954,78.96994212962963,1
537,6956,78.99012731481481,4
538,6963,97.09712962962963,4
539,6964,97.9345601851852,2
540,6967,101.1926273148148,2
541,6968,103.86440972222222,2
542,6969,0.0,3
543,6972,0.0,2
544,6974,3.583784722222222,1
545,6978,6.365185185185185,3
546,6981,15.302013888888888,3
547,7028,0.0,2
548,7029,33.698252314814816,2
549,7032,0.0,2
550,7052,0.0,4
551,7054,0.0202893518518518,3
552,7055,26.33203703703704,4
553,7056,0.0,3
554,7059,0.0084259259259259,1
555,7070,4.078912037037037,1
556,7106,20.81196759259259,3
557,7116,25.33238425925926,1
558,7134,36.63518518518519,1
559,7312,0.0,4
560,7313,1.436689814814815,2
561,7314,35.25993055555556,2
562,7315,132.27353009259258,2
563,7316,8.42894675925926,4
564,7317,9.55230324074074,0
565,7319,33.55158564814815,3
566,7325,39.92924768518518,4
567,7328,131.20832175925926,2
568,7329,132.10611111111112,2
569,7330,132.12032407407406,2
570,7332,0.0,2
571,7333,26.02945601851852,4
572,7334,70.02550925925927,2
573,7335,91.07597222222223,2
574,7336,17.554236111111113,3
575,7337,25.03695601851852,2
576,7364,0.0,2
577,7440,42.75884259259259,3
578,7441,42.81689814814815,1
579,7467,0.0,3
580,7475,19.00310185185185,3
581,7478,21.96180555555556,1
582,7492,63.21636574074074,3
583,7498,65.34143518518519,0
584,7508,140.1104513888889,3
585,7513,141.0699074074074,3
586,7516,163.19559027777777,3
587,7518,0.0,2
588,7530,26.93641203703704,3
589,7532,27.58534722222222,1
590,7539,0.0,1
591,7548,97.19251157407408,3
592,7631,0.0,2
593,7633,113.34358796296296,2
594,7651,26.016458333333333,1
595,7662,36.68391203703704,0
596,7823,143.3670023148148,1
597,7876,168.8372222222222,0
598,7941,244.14532407407407,3
599,7942,0.0,1
600,7984,25.484733796296297,1
601,8074,98.12310185185186,0
602,8090,117.59608796296295,1
603,8101,119.17898148148149,1
604,8119,126.37717592592593,3
605,8136,130.14940972222223,1
606,8236,238.1564236111111,3
607,8258,0.0,0
608,8261,0.0,2
609,8263,1.974375,4
610,8265,2.12125,2
611,8274,2.1424652777777777,3
612,8291,20.18523148148148,3
613,8302,0.0,2
614,8304,1.0160185185185184,2
615,8307,0.8404166666666667,4
616,8309,0.0,2
617,8328,32.24050925925926,1
618,8331,34.27851851851852,0
619,8334,34.33202546296296,1
620,8335,34.34420138888889,0
621,8341,44.29628472222223,1
622,8371,82.97126157407408,3
623,8373,83.1596875,4
624,8374,83.16267361111112,4
625,8377,84.8352199074074,3
626,8378,84.8387037037037,0
627,8382,84.86391203703704,1
628,8391,90.21747685185186,1
629,8394,5.634375,4
630,8395,8.711273148148148,4
631,8404,8.191967592592592,1
632,8405,8.192395833333334,1
633,8406,8.194976851851852,3
634,8407,8.619247685185185,1
635,8409,8.666805555555555,3
636,8410,8.667314814814814,1
637,8474,101.83041666666666,2
638,8484,0.0,2
639,8492,0.0037152777777777,3
640,8494,0.0071759259259259,4
641,8497,0.0139699074074074,1
642,8498,0.0146875,1
643,8500,0.0180092592592592,3
644,8501,0.0236574074074074,4
645,8506,0.0575462962962963,1
646,8510,0.132824074074074,1
647,8512,0.1428587962962963,3
648,8513,0.1436111111111111,1
649,8523,0.0,3
650,8540,38.04365740740741,0
651,8541,38.08770833333333,1
652,8547,0.0,4
653,8567,1.1258101851851852,1
654,8576,0.0,4
655,8604,67.85631944444444,3
656,8687,321.2594675925926,0
657,8705,0.0,2
658,8706,3.0458333333333334,2
659,8708,2.4741435185185185,4
660,8709,68.48662037037037,4
661,8728,9.974444444444444,1
662,8758,40.22925925925926,3
663,8836,72.42387731481482,1
664,8886,0.0,2
665,8892,59.63197916666667,4
666,8893,80.60969907407407,2
667,8896,102.57006944444444,2
668,8898,34.49699074074074,1
669,8908,91.46530092592592,3
670,8910,95.79002314814817,1
671,8915,96.37453703703704,1
672,8917,99.74686342592592,3
673,8922,0.0,4
674,8927,2.4641782407407407,1
675,8936,0.008287037037037,4
676,8946,0.0,1
677,8964,0.0,2
678,8967,6.703055555555555,2
679,8969,19.590185185185184,2
680,8974,6.615868055555556,1
681,8975,6.620856481481481,4
682,8976,6.623206018518519,3
683,8977,6.624548611111111,4
684,8978,6.629178240740741,1
685,8979,6.629560185185185,4
686,8980,6.6353125,1
687,8981,6.652245370370371,1
688,8982,6.656516203703704,4
689,8984,6.665081018518518,1
690,8987,19.520046296296297,1
691,8988,20.32967592592593,1
692,8989,0.0,1
693,8990,0.0030439814814814,3
694,8991,0.0,3
695,8998,0.0,1
696,9000,0.0,2
697,9001,0.0163194444444444,2
698,9002,0.5164930555555556,3
699,9008,32.32511574074074,4
700,9009,43.465590277777785,4
701,9010,0.0,4
702,9021,5.077766203703704,4
703,9028,5.170601851851852,3
704,9034,5.260694444444445,0
705,9039,5.26375,3
706,9040,5.264930555555556,3
707,9046,5.2815625,3
708,9047,5.286851851851852,3
709,9048,5.288298611111111,1
710,9051,5.400810185185185,1
711,9056,5.439687500000001,3
712,9057,5.442314814814815,3
713,9062,5.456296296296297,3
714,9064,5.481886574074075,1
715,9066,5.554270833333334,0
716,9068,5.586631944444445,2
717,9075,6.0128819444444455,1
718,9076,6.022048611111112,3
719,9077,6.065925925925926,3
720,9083,6.157916666666667,3
721,9105,7.179016203703704,4
722,9114,9.443495370370371,1
723,9131,11.175266203703703,4
724,9151,15.109756944444444,2
725,9218,17.40890046296296,0
726,9236,18.102766203703705,1
727,9237,18.128611111111116,4
728,9238,18.138159722222223,1
729,9248,19.042407407407406,3
730,9251,19.162719907407407,1
731,9263,20.04793981481481,4
732,9265,20.061284722222226,3
733,9267,20.13039351851852,4
734,9268,20.13255787037037,3
735,9270,20.147800925925925,3
736,9271,20.151296296296294,2
737,9275,20.15883101851852,3
738,9276,20.16137731481481,1
739,9288,23.308472222222225,3
740,9296,27.918483796296297,3
741,9304,28.07318287037037,2
742,9322,29.05429398148148,3
743,9323,29.09611111111111,1
744,9330,32.13673611111111,1
745,9333,32.184016203703706,3
746,9334,32.190358796296294,3
747,9335,32.19226851851852,0
748,9336,32.192962962962966,1
749,9338,32.20497685185185,3
750,9340,32.243738425925926,3
751,9341,32.25118055555556,3
752,9342,32.25856481481482,1
753,9343,32.262372685185184,4
754,9344,32.28318287037037,1
755,9345,32.28420138888889,3
756,9348,32.30001157407408,4
757,9351,32.31021990740741,1
758,9352,32.31282407407407,1
759,9355,32.31829861111111,4
760,9365,32.439537037037034,3
761,9367,32.97150462962963,4
762,9369,33.03578703703704,2
763,9370,33.04130787037037,1
764,9371,33.06554398148148,4
765,9385,42.44260416666667,0
766,9386,42.44373842592593,0
767,9387,42.46047453703704,1
768,9389,43.02391203703704,1
769,9391,43.18025462962963,1
770,9392,48.91216435185185,1
771,9406,52.27918981481481,1
772,9417,58.23278935185185,2
773,9419,84.44049768518518,3
774,9423,85.06385416666667,1
775,9425,0.0,2
776,9799,0.0237731481481481,3
777,9860,5.426238425925926,2
778,9972,17.547893518518517,0
779,10042,91.03412037037036,1
780,10057,103.8513425925926,1
781,10273,140.11925925925925,0
782,10278,0.0,2
783,10281,0.0,2
784,10304,0.0,1
785,10305,50.01998842592592,4
786,10306,0.0,3
787,10307,19.070104166666667,0
788,10308,20.252777777777776,1
789,10314,79.76672453703704,2
790,10317,91.60194444444446,4
791,10334,109.27366898148148,3
792,10342,120.4557986111111,3
793,10355,157.28149305555556,3
794,10356,159.41059027777777,4
795,10357,159.4179050925926,4
796,10381,0.0,4
797,10382,0.0688657407407407,4
798,10385,96.414375,4
799,10406,0.0,4
800,10420,0.2069560185185185,3
801,10438,0.0,4
802,10469,0.0,4
803,10495,0.0,3
804,10505,80.33702546296297,3
805,10516,0.0,3
806,10517,149.92866898148148,2
807,10539,149.91936342592592,1
808,10570,0.0,3
809,10579,0.0,4
810,10580,0.0082986111111111,4
811,10582,0.0,1
812,10616,69.96695601851852,3
813,10866,379.245300925926,0
814,10920,4.0236226851851855,4
815,10930,4.438240740740741,1
816,10938,9.867430555555556,1
817,10949,48.5991087962963,1
818,10950,48.59998842592593,0
819,10985,0.0,4
820,11004,4.712685185185185,4
821,11039,36.75285879629629,1
822,11131,64.30296296296297,1
823,11132,64.55734953703704,1
824,11145,6.725601851851851,3
825,11149,9.11082175925926,4
826,11151,0.0,1
827,11156,0.0,3
828,11157,17.152546296296297,4
829,11162,0.0,4
830,11166,0.0,3
831,11207,16.60914351851852,3
832,11214,21.452453703703704,1
833,11249,27.100347222222226,1
834,11347,27.40508101851852,1
835,11357,0.0,3
836,11360,4.269456018518518,2
837,11361,11.129363425925929,2
838,11362,13.521898148148148,2
839,11368,37.503506944444446,0
840,11370,207.1297453703704,1
841,11371,207.1304513888889,3
842,11373,0.0,4
843,11586,78.15056712962964,1
844,11651,112.14359953703703,1
845,11661,112.69306712962964,1
846,11664,112.73469907407409,1
847,11665,112.86868055555556,1
848,11778,145.1525,0
849,11949,163.8726736111111,3
850,12023,167.8751388888889,1
851,12032,168.66625,1
852,12033,168.6762037037037,1
853,12119,180.8324537037037,0
854,12156,186.1296643518519,3
855,12172,187.2249652777778,1
856,12186,188.5279513888889,3
857,12203,190.0690740740741,3
858,12207,190.151712962963,3
859,12209,0.0,1
860,12252,159.94238425925926,3
861,12257,168.32418981481482,1
862,12282,0.0,3
863,12283,0.0069444444444444,4
864,12286,9.79449074074074,2
865,12287,0.0,4
866,12288,9.745891203703705,4
867,12289,0.0,2
868,12293,6.293796296296296,4
869,12299,0.0,4
870,12306,29.480578703703703,1
871,12307,38.86379629629629,3
872,12308,39.017546296296295,1
873,12309,40.94396990740741,1
874,12311,44.56515046296297,2
875,12312,44.62898148148149,3
876,12314,44.69340277777778,3
877,12318,0.0,0
878,12328,160.07011574074073,1
879,12329,160.0786226851852,3
880,12330,160.07909722222223,1
881,12333,161.03793981481482,1
882,12342,166.13258101851852,3
883,12343,167.02015046296296,2
884,12344,167.1442013888889,4
885,12353,188.9859953703704,0
886,12354,189.12375000000003,4
887,12355,194.98104166666667,0
888,12356,195.143125,1
889,12358,200.0194212962963,1
890,12366,0.0,2
891,12369,1.2742476851851852,4
892,12370,0.0,3
893,12406,0.0,3
894,12411,0.0,3
895,12417,0.0,4
896,12530,35.77489583333333,1
897,12533,38.407800925925926,1
898,12536,39.695277777777775,0
899,12541,40.18925925925926,0
900,12542,40.18931712962963,0
901,12602,0.0,2
902,12610,231.15798611111111,4
903,12611,238.76414351851847,4
904,12694,0.0,2
905,12698,2.1929861111111117,1
906,12699,2.8865277777777782,2
907,12700,1.0429513888888888,3
908,12705,0.0,3
909,12706,0.0,2
910,12710,9.857986111111112,3
911,12711,11.04877314814815,2
912,12719,23.767615740740744,4
913,12735,48.10133101851852,3
914,12796,270.0626504629629,3
915,12800,287.01091435185185,2
916,12809,0.0,2
917,12812,49.96396990740741,4
918,12813,50.94719907407407,4
919,12817,51.84211805555555,1
920,12821,53.87229166666667,4
921,12829,61.13601851851852,4
922,12832,62.42523148148148,3
923,12834,62.52255787037037,4
924,12837,0.0,3
925,12915,43.74084490740741,1
926,13044,76.00447916666667,1
927,13180,0.0,4
928,13265,0.0,3
929,13270,320.68096064814813,4
930,13396,0.0,4
931,13415,0.0,3
932,13416,11.510613425925929,4
933,13417,24.72045138888889,4
934,13419,0.0102662037037037,4
935,13422,12.597048611111113,2
936,13423,24.583449074074075,3
937,13424,24.703587962962963,1
938,13425,24.715694444444445,1
939,13426,24.71828703703704,4
940,13428,0.0,2
941,13429,16.28295138888889,4
942,13473,158.86584490740742,4
943,13476,2.059884259259259,2
944,13479,0.0,2
945,13589,34.16734953703704,4
946,13600,2.1463657407407406,4
947,13602,0.0770486111111111,4
948,13603,1.3724305555555558,2
949,13608,0.0076504629629629,1
950,13610,0.0036342592592592,0
951,13617,13.738773148148148,1
952,13618,21.356863425925926,3
953,13625,69.8812037037037,4
954,13628,80.21060185185185,3
955,13637,98.14358796296295,3
956,13722,270.7412037037037,1
957,13725,290.92881944444446,0
958,13729,291.4949652777778,1
959,13734,0.0,4
960,13735,0.0107754629629629,4
961,13736,0.9906481481481482,4
962,13737,0.6624652777777778,4
963,13738,0.6811226851851853,4
964,13739,0.8120833333333334,2
965,13740,0.8325231481481481,1
966,13741,0.8846875,3
967,13742,0.8867013888888889,4
968,13743,0.9595023148148148,4
969,13744,0.976886574074074,4
970,13746,0.0,3
971,13768,7.533171296296296,1
972,13772,7.966828703703704,1
973,13819,14.581712962962962,1
974,13883,0.0,4
975,13884,0.0061111111111111,3
976,13885,15.960532407407408,2
977,13888,100.96346064814814,2
978,13891,145.25387731481482,2
979,13893,153.90755787037037,2
980,13897,183.1348726851852,2
981,13898,183.28998842592597,4
982,13902,0.2767476851851851,1
983,13903,3.051458333333333,1
984,13907,15.250023148148149,1
985,13909,72.85622685185186,4
986,13912,91.82207175925927,1
987,13913,100.95046296296296,1
988,13914,101.12344907407407,1
989,13916,103.83336805555555,1
990,13921,124.85204861111112,0
991,13923,127.83203703703704,1
992,13927,153.899375,1
993,13930,169.01164351851853,1
994,13941,183.06421296296296,2
995,13943,183.97744212962965,1
996,13948,184.1974305555556,1
997,13950,184.2621180555556,1
998,13952,184.8409375,1
999,13954,184.9196875,1
1000,13955,184.9470023148148,2
1001,13956,184.9635300925926,1
1002,13959,184.98333333333332,3
1003,13960,184.9853703703704,2
1004,13961,0.0,4
1005,13963,7.071469907407407,2
1006,13966,9.961863425925928,2
1007,13970,5.953460648148149,3
1008,13974,6.733564814814815,1
1009,13999,8.721828703703704,1
1010,14000,8.724178240740741,3
1011,14004,8.903217592592593,3
1012,14008,8.924363425925925,4
1013,14016,9.167291666666667,1
1014,14033,15.765648148148149,2
1015,14038,16.93224537037037,1
1016,14050,19.017939814814813,3
1017,14075,24.07546296296297,4
1018,14076,24.086111111111112,1
1019,14156,48.03422453703704,3
1020,14179,54.164027777777775,4
1021,14184,55.75171296296296,4
1022,14200,57.10721064814815,4
1023,14206,0.0,2
1024,14207,0.0386111111111111,2
1025,14209,4.722199074074074,2
1026,14211,0.0043402777777777,3
1027,14213,0.0112268518518518,3
1028,14214,0.0137962962962962,4
1029,14220,4.729733796296296,4
1030,14223,4.820625,3
1031,14226,0.0,2
1032,14273,2.606145833333333,3
1033,14274,2.6079166666666667,3
1034,14280,0.0,3
1035,14285,0.0,3
1036,14287,0.3762037037037037,3
1037,14288,0.3774768518518518,3
1038,14289,0.382974537037037,3
1039,14294,1.4881712962962963,1
1040,14304,2.3957060185185184,1
1041,14308,5.6187152777777785,1
1042,14313,5.703599537037038,0
1043,14317,7.019606481481482,3
1044,14320,7.022025462962963,3
1045,14326,7.026111111111111,1
1046,14327,7.462314814814815,3
1047,14329,7.581875,3
1048,14337,7.666990740740741,1
1049,14339,7.813634259259259,3
1050,14342,7.883923611111111,1
1051,14354,14.773564814814817,3
1052,14355,14.776122685185186,2
1053,14356,14.795231481481482,3
1054,14369,15.770127314814816,4
1055,14370,15.771875,1
1056,14371,15.77255787037037,3
1057,14379,29.12412037037037,3
1058,14382,31.01366898148148,3
1059,14414,56.55439814814815,3
1060,14415,56.61421296296297,3
1061,14418,56.76662037037037,3
1062,14419,56.80694444444445,1
1063,14420,56.80766203703703,1
1064,14424,56.912013888888886,4
1065,14431,59.97277777777778,1
1066,14443,76.65038194444445,3
1067,14444,78.69616898148148,1
1068,14445,78.98855324074074,3
1069,14446,78.99359953703704,1
1070,14448,80.0357638888889,3
1071,14449,82.84706018518519,0
1072,14450,82.84958333333333,1
1073,14451,82.89307870370371,3
1074,14452,82.90503472222223,3
1075,14453,83.01106481481482,0
1076,14454,83.41930555555555,4
1077,14455,83.42072916666666,1
1078,14456,83.44348379629629,0
1079,14460,86.98663194444445,3
1080,14474,99.94418981481482,1
1081,14477,100.7396875,1
1082,14478,100.7675462962963,1
1083,14481,100.8931712962963,1
1084,14483,100.92965277777778,0
1085,14484,100.95752314814816,1
1086,14486,100.96924768518518,3
1087,14489,100.97587962962965,4
1088,14490,100.9788773148148,3
1089,14491,100.97997685185184,3
1090,14492,100.98126157407408,3
1091,14494,101.43607638888888,4
1092,14495,101.4480787037037,3
1093,14496,101.45425925925926,1
1094,14503,103.9569675925926,1
1095,14506,104.87030092592592,1
1096,14510,9.030694444444444,1
1097,14511,9.040497685185183,3
1098,14512,9.048275462962962,3
1099,14513,9.10574074074074,1
1100,14514,0.0,4
1101,14517,9.5328125,1
1102,14565,0.0100347222222222,3
1103,14566,0.0,4
1104,14568,0.0,3
1105,14570,5.753599537037037,2
1106,14571,2.0211342592592594,4
1107,14572,2.049027777777778,4
1108,14574,7.795868055555555,3
1109,14575,7.798043981481482,3
1110,14581,103.78811342592591,4
1111,14584,105.98550925925926,3
1112,14585,106.78835648148149,3
1113,14587,106.80130787037037,3
1114,14588,106.80576388888888,1
1115,14589,106.80778935185184,1
1116,14592,106.81630787037037,1
1117,14593,106.81688657407408,0
1118,14595,106.8188773148148,1
1119,14597,106.82371527777778,3
1120,14598,106.82789351851852,0
1121,14599,106.83277777777778,1
1122,14602,106.83699074074076,3
1123,14605,106.8435300925926,3
1124,14608,107.78827546296296,4
1125,14614,0.0,3
1126,14644,5.237442129629629,3
1127,14657,0.0,1
1128,14733,5.401319444444445,0
1129,14741,6.007928240740742,0
1130,14745,7.305532407407408,3
1131,14747,7.311840277777778,4
1132,14748,7.317071759259259,3
1133,14749,7.323217592592592,1
1134,14752,7.329652777777778,3
1135,14754,7.336701388888889,3
1136,14755,7.339166666666666,3
1137,14756,7.341967592592592,4
1138,14758,7.348090277777778,3
1139,14767,10.242291666666668,1
1140,14768,11.226736111111112,3
1141,14772,11.969155092592594,3
1142,14773,11.976226851851854,3
1143,14775,11.983101851851853,3
1144,14782,11.997314814814816,4
1145,14786,12.003981481481484,3
1146,14788,12.013495370370372,4
1147,14802,12.89855324074074,1
1148,14803,12.900752314814817,3
1149,14804,12.9065625,1
1150,14815,12.982731481481482,4
1151,14816,12.987314814814814,1
1152,14819,12.992453703703704,1
1153,14820,12.9928125,3
1154,14829,13.026469907407408,1
1155,14831,13.030891203703703,1
1156,14833,13.032407407407408,1
1157,14834,13.032627314814814,0
1158,14835,13.03284722222222,3
1159,14840,0.0,4
1160,14841,0.0153935185185185,4
1161,14848,1.8323032407407407,1
1162,14872,7.868159722222222,1
1163,14909,13.10449074074074,0
1164,14914,13.869791666666666,1
1165,14955,26.16199074074074,1
1166,15152,116.9425925925926,3
1167,15184,180.13327546296298,1
1168,15270,15.70482638888889,0
1169,15327,46.97543981481482,0
1170,15357,78.84366898148149,1
1171,15385,85.88716435185185,1
1172,15425,94.94151620370371,1
1173,15455,0.0,2
1174,15466,264.47447916666664,4
1175,15469,0.0,3
1176,15474,2.507199074074074,2
1177,15475,2.530740740740741,0
1178,15481,0.0,1
1179,15494,0.0,3
1180,15495,0.0140046296296296,3
1181,15496,0.0161458333333333,3
1182,15497,0.0511921296296296,3
1183,15498,0.0611805555555555,3
1184,15500,0.0104976851851851,0
1185,15501,0.0180671296296296,1
1186,15504,0.0563888888888888,0
1187,15524,0.0,4
1188,15593,0.0,2
1189,15595,0.052974537037037,2
1190,15601,0.0,3
1191,15602,4.419155092592592,3
1192,15603,4.423900462962963,3
1193,15605,0.0,2
1194,15632,0.0,1
1195,15639,0.0,2
1196,15640,0.0332754629629629,2
1197,15641,3.024178240740741,2
1198,15642,20.995,4
1199,15643,3.016226851851852,0
1200,15644,20.29738425925926,4
1201,15645,20.89034722222222,3
1202,15646,20.959016203703705,4
1203,15672,149.92174768518518,1
1204,15681,0.0,3
1205,15685,0.0070138888888888,4
1206,15686,66.17769675925926,2
1207,15690,14.049537037037036,1
1208,15692,14.060983796296297,4
1209,15693,14.06798611111111,1
1210,15696,14.081875,4
1211,15705,17.122210648148148,1
1212,15709,17.15835648148148,3
1213,15714,0.0,3
1214,15715,0.0105787037037037,3
1215,15718,0.9074305555555556,2
1216,15719,0.2218518518518518,4
1217,15720,0.0,4
1218,15721,32.36619212962963,2
1219,15724,56.93012731481482,4
1220,15732,67.46788194444444,0
1221,15733,67.47907407407408,0
1222,15734,67.48905092592592,1
1223,15735,67.6149074074074,1
1224,15737,67.61719907407408,1
1225,15741,67.62094907407408,1
1226,15742,67.89800925925925,1
1227,15743,67.9011111111111,3
1228,15744,67.91813657407407,1
1229,15745,67.95322916666667,0
1230,15746,67.9534375,1
1231,15747,67.95422453703704,1
1232,15748,68.06317129629629,0
1233,15755,0.0,1
1234,15761,0.0,2
1235,15767,0.0,2
1236,15769,4.1250231481481485,3
1237,15786,63.20716435185185,4
1238,15794,88.61459490740742,1
1239,15807,86.84276620370372,1
1240,15809,0.0,3
1241,15812,28.08681712962963,2
1242,15813,85.11921296296296,3
1243,15816,7.763993055555556,3
1244,15817,9.83792824074074,1
1245,15818,0.0,3
1246,15822,31.034814814814816,2
1247,15823,0.0,1
1248,15825,6.122233796296296,4
1249,15829,27.89821759259259,4
1250,15830,0.0,2
1251,15841,0.0,3
1252,15855,0.0,2
1253,15856,161.18988425925926,4
1254,15869,0.0,2
1255,15889,0.0,2
1256,15890,26.487141203703704,2
1257,15892,50.41388888888889,4
1258,15894,69.46890046296296,3
1259,15915,42.91189814814815,4
1260,15923,42.93497685185185,3
1261,15925,42.97372685185185,4
1262,15928,44.44543981481482,1
1263,15940,55.90253472222222,4
1264,15964,67.72291666666666,4
1265,15988,77.46184027777778,4
1266,16002,78.77261574074075,3
1267,16030,184.83526620370367,4
1268,16041,196.6383680555556,1
1269,16059,234.0981481481481,4
1270,16060,234.20636574074075,4
1271,16075,241.9643055555556,1
1272,16077,246.08663194444443,1
1273,16081,253.51733796296296,1
1274,16089,255.19296296296292,3
1275,16154,320.40043981481483,3
1276,16156,320.4152314814815,3
1277,16162,0.0,4
1278,16176,1.588761574074074,4
1279,16178,1.6028587962962964,3
1280,16197,0.0,2
1281,16198,0.0069907407407407,2
1282,16199,0.0,3
1283,16209,8.933125,3
1284,16226,83.0539699074074,3
1285,16240,0.0,3
1286,16241,0.0374305555555555,2
1287,16262,150.93775462962964,1
1288,16278,1.9994444444444444,1
1289,16286,2.684375,1
1290,16294,2.6894328703703705,3
1291,16311,5.78962962962963,1
1292,16317,5.850925925925926,2
1293,16322,12.609398148148149,1
1294,16372,121.83430555555556,4
1295,16375,122.7635763888889,4
1296,16380,124.836875,1
1297,16399,124.93923611111111,3
1298,16403,124.94097222222224,3
1299,16411,124.95657407407408,1
1300,16422,124.96197916666668,3
1301,16427,125.53435185185184,1
1302,16435,125.63983796296296,1
1303,16436,0.0,2
1304,16442,0.0,4
1305,16485,47.56792824074075,0
1306,16510,0.0,3
1307,16520,0.3510532407407408,2
1308,16524,1.397372685185185,3
1309,16525,0.0,2
1310,16530,0.0,2
1311,16537,1.807141203703704,3
1312,16582,75.45972222222223,4
1313,16586,83.10621527777778,3
1314,16590,84.81199074074074,1
1315,16593,84.81899305555555,3
1316,16605,92.90214120370372,2
1317,16614,98.96609953703704,4
1318,16641,119.26630787037035,4
1319,16645,124.28319444444443,4
1320,16710,233.12608796296297,1
1321,16741,0.0,2
1322,16777,126.02690972222224,3
1323,16786,170.79894675925925,2
1324,16900,0.0,1
1325,16983,119.99958333333332,1
1326,17008,140.9323842592593,1
1327,17015,0.0,2
1328,17043,15.519652777777775,3
1329,17067,89.93620370370371,3
1330,17094,7.357858796296297,4
1331,17097,4.098993055555556,4
1332,17100,2.3263310185185184,3
1333,17101,2.330266203703704,1
1334,17102,0.0,2
1335,17103,19.315219907407407,4
1336,17104,2.115520833333333,4
1337,17105,0.0,1
1338,17106,50.25361111111111,4
1339,17108,76.95472222222222,4
1340,17115,0.0238425925925925,1
1341,17119,0.0517708333333333,1
1342,17130,1.054386574074074,1
1343,17143,2.851041666666667,1
1344,17152,3.937650462962963,1
1345,17154,3.939780092592593,1
1346,17173,7.01712962962963,1
1347,17197,9.242233796296295,1
1348,17198,9.244143518518518,1
1349,17201,9.252118055555556,1
1350,17205,13.079050925925928,0
1351,17234,17.137893518518517,0
1352,17249,35.97018518518519,3
1353,17260,37.92766203703704,1
1354,17283,40.38854166666667,0
1355,17297,40.8390625,1
1356,17298,40.840625,3
1357,17313,41.93503472222222,4
1358,17322,41.97355324074074,3
1359,17323,41.97789351851852,4
1360,17328,41.99274305555556,1
1361,17332,42.005150462962966,1
1362,17333,42.00851851851852,2
1363,17338,42.11997685185185,1
1364,17341,42.12422453703704,1
1365,17401,61.5099537037037,4
1366,17422,77.745,1
1367,17459,0.0,2
1368,17461,57.29310185185185,2
1369,17466,307.4166898148148,4
1370,17517,0.0,4
1371,17518,2.7526620370370374,3
1372,17519,3.0901388888888888,3
1373,17520,2.381759259259259,0
1374,17521,2.757048611111112,1
1375,17526,0.0,1
1376,17527,0.0093171296296296,3
1377,17530,0.0,4
1378,17531,0.0074884259259259,2
1379,17532,3.855578703703704,2
1380,17533,77.09256944444445,4
1381,17534,3.1050810185185185,1
1382,17537,33.98818287037037,4
1383,17538,95.1694675925926,3
1384,17540,137.10270833333334,3
1385,17541,192.07950231481485,3
1386,17546,206.1622685185185,1
1387,17567,286.9016203703704,3
1388,17570,287.22002314814813,3
1389,17574,0.0,4
1390,17598,0.0,2
1391,17600,0.0,1
1392,17627,77.70019675925926,1
1393,17632,93.27658564814816,3
1394,17640,99.1269212962963,3
1395,17663,0.0,4
1396,17664,3.734444444444444,1
1397,17665,3.735763888888889,1
1398,17666,9.677858796296295,4
1399,17673,8.106851851851852,2
1400,17681,110.87986111111113,2
1401,17682,112.26379629629628,4
1402,17683,112.8884837962963,2
1403,17756,0.7187962962962964,4
1404,17757,0.9583101851851852,1
1405,17800,3.5123611111111117,3
1406,17808,4.049768518518518,1
1407,17814,4.162789351851852,3
1408,17818,4.209317129629629,1
1409,17823,4.354421296296296,4
1410,17826,4.411851851851852,1
1411,17842,4.813969907407407,3
1412,17871,11.683067129629633,3
1413,17881,12.133495370370373,4
1414,17897,13.085405092592593,3
1415,17903,13.147627314814814,3
1416,17905,13.184560185185186,4
1417,17909,13.19601851851852,3
1418,17910,13.19701388888889,2
1419,17975,103.8060300925926,1
1420,18005,112.55350694444444,1
1421,18023,115.73605324074074,3
1422,18034,117.59167824074072,4
1423,18035,117.62445601851852,1
1424,18039,117.65381944444444,3
1425,18049,119.54570601851852,3
1426,18073,124.38032407407408,3
1427,18103,134.74900462962964,4
1428,18127,140.6370601851852,3
1429,18144,143.6808912037037,1
1430,18171,148.86842592592592,1
1431,18193,157.80278935185186,0
1432,18209,160.44269675925926,0
1433,18210,160.47329861111112,0
1434,18216,161.2950462962963,0
1435,18263,169.01466435185185,1
1436,18280,173.15418981481483,1
1437,18284,174.70903935185189,4
1438,18285,175.26131944444447,3
1439,18308,0.0,4
1440,18315,0.0,2
1441,18324,0.0,3
1442,18328,0.1551041666666666,2
1443,18331,0.0,2
1444,18332,0.0069212962962962,2
1445,18348,5.023020833333334,4
1446,18355,0.0,4
1447,18371,7.863043981481481,1
1448,18377,0.0,3
1449,18412,111.09986111111112,1
1450,18441,0.0,4
1451,18448,0.9117824074074076,0
1452,18472,1.8574652777777776,4
1453,18478,1.8748148148148147,1
1454,18484,1.883888888888889,1
1455,18510,3.965289351851852,0
1456,18535,5.947534722222223,1
1457,18611,38.54125,4
1458,18615,90.02121527777778,1
1459,18625,139.92300925925926,3
1460,18671,283.5366550925926,4
1461,18674,0.0,2
1462,18679,0.0,3
1463,18697,74.33609953703704,0
1464,18702,0.0,4
1465,18703,1.243101851851852,2
1466,18721,0.9798032407407408,4
1467,18724,1.4339930555555558,3
1468,18730,2.247118055555556,2
1469,18732,2.259375,3
1470,18734,2.272152777777778,3
1471,18735,2.276805555555556,4
1472,18737,2.9797106481481483,0
1473,18738,2.9812615740740744,1
1474,18757,0.0,4
1475,18773,192.13373842592597,1
1476,18833,68.8495138888889,4
1477,18847,0.0,2
1478,18848,0.9595949074074074,2
1479,18851,22.75516203703704,2
1480,18852,23.0919675925926,2
1481,18854,37.69543981481481,4
1482,18869,22.069039351851856,3
1483,18882,42.10055555555556,3
1484,18883,47.86328703703704,4
1485,18890,60.87741898148148,1
1486,18898,111.78292824074074,4
1487,18901,111.80777777777776,1
1488,18902,111.81261574074074,4
1489,18909,111.8396875,4
1490,18910,111.84561342592592,4
1491,18911,111.85223379629628,4
1492,18913,0.0,4
1493,18940,52.996631944444445,1
1494,18958,81.60326388888889,2
1495,18973,5.120648148148148,4
1496,18976,0.0,3
1497,18981,0.1755671296296296,0
1498,18989,0.1997222222222222,1
1499,18990,0.2000810185185185,1
1500,18991,0.2019212962962963,1
1501,18994,0.0,2
1502,18996,78.24784722222222,4
1503,18997,78.26894675925926,4
1504,18999,77.82976851851852,2
1505,19005,78.05356481481482,4
1506,19015,78.24024305555555,2
1507,19019,0.0,2
1508,19024,9.465266203703704,4
1509,19033,0.2475462962962963,2
1510,19034,0.0,3
1511,19038,15.608923611111113,2
1512,19040,0.0,4
1513,19042,0.0,2
1514,19067,0.0,1
1515,19072,1.1911342592592593,1
1516,19086,2.9935648148148157,1
1517,19126,10.866504629629633,1
1518,19127,10.867453703703704,1
1519,19204,26.354884259259254,1
1520,19223,0.0,2
1521,19227,0.0,2
1522,19240,77.12652777777778,4
1523,19245,0.0,2
1524,19247,0.0628935185185185,4
1525,19248,0.0,4
1526,19249,5.951666666666667,1
1527,19252,0.1582407407407407,4
1528,19266,0.1567939814814815,3
1529,19267,0.1674305555555555,1
1530,19275,3.860960648148148,0
1531,19296,4.985428240740741,4
1532,19298,5.936041666666667,1
1533,19306,0.0,1
1534,19401,60.73195601851852,4
1535,19402,71.5039236111111,4
1536,19404,0.0468634259259259,1
1537,19405,0.0471875,3
1538,19406,0.0497569444444444,3
1539,19453,142.97841435185185,2
1540,19478,290.3579050925926,4
1541,19479,300.28212962962965,2
1542,19480,0.0,2
1543,19494,2.168287037037037,0
1544,19513,6.219409722222222,1
1545,19517,7.965462962962963,1
1546,19545,18.11162037037037,3
1547,19546,18.129710648148148,4
1548,19547,18.13480324074074,3
1549,19550,0.0,4
1550,19555,29.668541666666663,0
1551,19563,30.131261574074077,2
1552,19564,0.0,3
1553,19566,0.0,1
1554,19567,14.195763888888887,3
1555,19583,0.0,4
1556,19584,11.220659722222225,4
1557,19585,11.207847222222224,1
1558,19586,11.211087962962964,4
1559,19614,0.0,4
1560,19615,109.85766203703704,2
1561,19619,0.0,2
1562,19622,43.787094907407415,2
1563,19629,85.6126388888889,4
1564,19636,120.8995023148148,2
1565,19638,0.0,2
1566,19639,0.8732175925925926,2
1567,19642,0.0,2
1568,19650,109.03144675925924,4
1569,19655,0.0,3
1570,19663,0.0,2
1571,19665,0.0,4
1572,19669,8.383125,3
1573,19672,10.23090277777778,3
1574,19673,12.581793981481482,3
1575,19676,14.990381944444444,4
1576,19681,20.20659722222222,4
1577,19683,21.3728125,3
1578,19686,32.03799768518518,4
1579,19687,0.0,2
1580,19701,17.18587962962963,2
1581,19802,0.0,2
1582,19814,5.387986111111111,2
1583,19823,6.320231481481481,2
1584,19828,0.0,3
1585,19830,96.48494212962964,4
1586,19833,91.85928240740742,3
1587,19834,0.0,2
1588,19851,0.0004629629629629,0
1589,19852,0.0035532407407407,3
1590,19859,0.0,4
1591,19861,224.20178240740745,2
1592,19864,224.1483912037037,3
1593,19868,0.0,2
1594,19870,0.0,4
1595,19872,0.5124768518518519,2
1596,19879,0.5963194444444444,4
1597,19883,0.6237384259259259,1
1598,19884,0.6259490740740741,2
1599,19885,0.6407175925925926,2
1600,19890,0.6875925925925926,3
1601,19895,4.582650462962963,3
1602,19896,4.606064814814815,4
1603,19910,8.000856481481481,1
1604,19914,11.550983796296295,4
1605,19915,11.557604166666668,3
1606,19916,11.558958333333337,4
1607,19917,11.562858796296297,3
1608,19936,92.70806712962964,4
1609,19946,102.4629976851852,4
1610,19949,104.65383101851852,4
1611,19952,104.74258101851852,2
1612,19953,105.04157407407408,4
1613,19957,121.71920138888888,1
1614,19958,122.71358796296296,1
1615,19965,0.0,4
1616,19976,1.6552199074074074,4
1617,19992,23.1756712962963,1
1618,20085,51.04430555555555,4
1619,20093,60.99048611111111,0
1620,20117,91.65053240740744,4
1621,20130,91.92251157407408,4
1622,20173,93.1651388888889,4
1623,20229,423.00998842592594,1
1624,20231,427.7841782407408,4
1625,20232,427.8075347222222,3
1626,20235,427.910162037037,4
1627,20246,0.0,2
1628,20257,146.06340277777778,4
1629,20259,0.0,3
1630,20260,13.372974537037036,3
1631,20262,11.798171296296298,3
1632,20279,3.845925925925926,2
1633,20283,4.120300925925926,2
1634,20284,4.155648148148148,2
1635,20285,0.0,4
1636,20302,3.963773148148148,3
1637,20342,9.710833333333332,4
1638,20387,13.154016203703703,4
1639,20395,13.883715277777778,2
1640,20400,15.064606481481482,4
1641,20408,17.141805555555557,4
1642,20411,17.60712962962963,2
1643,20412,17.64130787037037,4
1644,20413,17.65502314814815,4
1645,20415,17.723472222222224,4
1646,20458,23.04846064814815,4
1647,20466,23.992500000000003,3
1648,20498,26.993078703703706,2
1649,20528,31.884328703703705,4
1650,20535,37.097939814814815,4
1651,20547,42.07164351851852,4
1652,20647,59.73564814814815,1
1653,20684,0.0,2
1654,20690,0.0,1
1655,20691,13.601793981481482,2
1656,20692,12.296631944444444,4
1657,20694,12.594618055555555,2
1658,20697,13.335138888888888,4
1659,20701,0.0,2
1660,20704,0.0,2
1661,20707,32.58996527777778,2
1662,20710,49.26170138888889,2
1663,20725,16.135023148148147,4
1664,20732,31.752604166666668,3
1665,20733,31.75434027777778,3
1666,20735,49.01458333333333,4
1667,20759,148.21793981481483,2
1668,20761,149.62011574074074,2
1669,20766,166.2830787037037,2
1670,20769,254.69194444444443,1
1671,20782,0.0,2
1672,20784,0.5479282407407408,4
1673,20785,27.313449074074075,2
1674,20787,0.0,2
1675,20799,55.6788425925926,4
1676,20803,55.82045138888889,2
1677,20817,180.05293981481483,3
1678,20820,180.0937615740741,3
1679,20824,181.73828703703705,4
1680,20825,181.80650462962964,4
1681,20832,186.8642013888889,3
1682,20836,187.83298611111115,1
1683,20846,188.02100694444448,4
1684,20848,188.03390046296295,3
1685,20851,0.0,0
1686,20855,51.36407407407408,1
1687,20859,0.0,4
1688,20861,55.130775462962966,2
1689,20877,17.587685185185187,3
1690,20881,18.214513888888888,3
1691,20887,36.99957175925926,3
1692,20928,115.18487268518518,0
1693,20929,115.18494212962965,0
1694,20944,121.42422453703703,3
1695,20997,138.3014351851852,3
1696,21003,142.99371527777777,3
1697,21014,148.2276736111111,1
1698,21020,148.53171296296296,4
1699,21059,168.13005787037036,1
1700,21086,172.10471064814814,2
1701,21104,178.2615277777778,1
1702,21137,205.3388078703704,3
1703,21311,264.0941666666667,0
1704,21339,0.0,3
1705,21344,23.269328703703707,1
1706,21423,2.2994560185185184,2
1707,21424,2.90400462962963,1
1708,21435,5.05019675925926,3
1709,21438,5.194155092592593,1
1710,21458,8.386041666666667,3
1711,21459,8.389513888888889,1
1712,21460,8.392303240740741,3
1713,21468,9.008402777777778,2
1714,21483,9.531724537037038,4
1715,21486,9.96894675925926,2
1716,21489,9.981967592592593,3
1717,21491,10.01800925925926,3
1718,21492,10.0375,3
1719,21493,10.043854166666666,3
1720,21499,12.135219907407407,3
1721,21506,14.445543981481482,3
1722,21519,23.03627314814815,1
1723,21534,27.314108796296296,1
1724,21541,28.99101851851852,3
1725,21563,53.29398148148148,1
1726,21565,65.78479166666666,3
1727,21566,65.7879050925926,1
1728,21570,68.20917824074074,3
1729,21571,69.03377314814814,1
1730,21572,74.89810185185185,1
1731,21620,159.0646412037037,1
1732,21621,159.1114699074074,3
1733,21626,163.0556134259259,0
1734,21657,180.24125,3
1735,21658,180.29238425925928,1
1736,21664,186.43033564814817,1
1737,21665,187.0916203703704,3
1738,21672,187.4810069444445,3
1739,21676,187.94002314814816,3
1740,21681,188.07769675925928,1
1741,21684,0.0,4
1742,21685,0.0072800925925925,4
1743,21686,84.06708333333333,2
1744,21688,84.00550925925926,3
1745,21689,0.0,3
1746,21690,0.1440046296296296,3
1747,21691,0.9660416666666668,3
1748,21693,0.9878472222222222,3
1749,21696,4.953564814814815,1
1750,21698,6.137581018518518,0
1751,21708,17.876909722222223,1
1752,21709,17.882708333333333,3
1753,21712,17.986921296296295,1
1754,21718,19.957928240740745,3
1755,21732,45.43041666666667,0
1756,21753,99.48063657407408,3
1757,21819,247.84993055555557,0
1758,21856,275.9835648148148,3
1759,21880,0.0,2
1760,21881,0.0069444444444444,2
1761,21882,0.0,2
1762,21883,48.78864583333333,2
1763,21884,0.0,3
1764,21890,0.0,4
1765,21898,2.4983680555555554,1
1766,21900,2.506145833333333,3
1767,21901,2.556388888888889,3
1768,21902,2.62712962962963,2
1769,21903,2.6831365740740742,3
1770,21904,2.83144675925926,3
1771,21905,2.833252314814815,3
1772,21906,2.8356134259259265,3
1773,21908,0.0,4
1774,21909,161.3464699074074,3
1775,22040,0.0,3
1776,22042,0.0,1
1777,22059,0.0,3
1778,22073,14.23986111111111,3
1779,22074,15.057337962962963,1
1780,22079,83.60844907407407,3
1781,22080,0.003287037037037,2
1782,22108,40.985625,4
1783,22109,60.13180555555556,3
1784,22110,73.07438657407407,3
1785,22123,0.0,2
1786,22124,127.5455324074074,2
1787,22134,0.0,4
1788,22135,17.55556712962963,2
1789,22138,0.0,4
1790,22150,6.309641203703704,3
1791,22157,9.645752314814814,3
1792,22158,10.29025462962963,1
1793,22167,11.548310185185189,1
1794,22169,11.601562500000002,4
1795,22180,28.645636574074075,1
1796,22196,241.6380092592593,3
1797,22200,245.29210648148148,2
1798,22205,251.52592592592592,3
1799,22214,256.2802546296296,4
1800,22223,283.69614583333333,3
1801,22267,357.66388888888895,3
1802,22285,358.36984953703706,2
1803,22295,358.6344907407408,3
1804,22301,358.6938194444445,3
1805,22315,359.13736111111115,2
1806,22333,359.3508564814815,2
1807,22344,362.5850578703704,2
1808,22345,362.6015393518519,3
1809,22371,363.1142592592593,3
1810,22382,363.4346412037037,3
1811,22383,363.44033564814816,3
1812,22384,363.4415277777778,3
1813,22409,364.58901620370375,3
1814,22440,0.0,2
1815,22441,0.0332060185185185,4
1816,22442,0.0,3
1817,22483,12.53193287037037,4
1818,22488,0.0,4
1819,22496,17.663611111111113,4
1820,22510,85.73431712962963,3
1821,22520,0.0,4
1822,22521,4.945208333333333,3
1823,22523,6.773483796296296,3
1824,22583,53.976469907407406,1
1825,22606,0.0,4
1826,22625,60.6637037037037,4
1827,22639,0.0,2
1828,22654,10.404791666666666,1
1829,22658,16.138391203703705,3
1830,22681,0.0,4
1831,22684,0.0,4
1832,22686,23.04711805555556,3
1833,22688,33.978796296296295,1
1834,22698,51.11980324074074,4
1835,22700,52.86133101851852,4
1836,22702,59.10527777777778,4
1837,22704,63.53508101851852,4
1838,22706,66.57089120370371,4
1839,22707,67.37534722222222,4
1840,22712,70.11550925925926,4
1841,22720,25.534837962962964,4
1842,22722,31.89543981481481,1
1843,22724,33.97494212962963,3
1844,22733,51.14956018518519,4
1845,22734,51.256087962962965,3
1846,22738,52.190046296296295,1
1847,22741,58.9165625,1
1848,22746,59.98019675925926,3
1849,22751,65.00398148148147,4
1850,22754,66.28565972222222,4
1851,22759,67.08217592592592,2
1852,22761,67.17146990740741,2
1853,22765,69.04016203703704,4
1854,22768,69.13853009259259,1
1855,22776,73.63510416666666,4
1856,22790,209.14600694444445,4
1857,22791,215.75415509259255,4
1858,22795,253.3004976851852,3
1859,22814,10.803414351851853,3
1860,22823,12.284421296296296,2
1861,22833,36.216458333333335,4
1862,22874,119.97155092592592,4
1863,22896,145.5220138888889,1
1864,22925,164.35435185185185,1
1865,22970,0.0,2
1866,22971,0.0070833333333333,2
1867,22972,0.0,2
1868,22987,0.0,3
1869,22994,14.181412037037036,3
1870,23006,0.0,2
1871,23070,223.4395949074074,1
1872,23087,296.4434606481482,1
1873,23094,0.0,4
1874,23133,87.45277777777778,1
1875,23150,0.0144328703703703,3
1876,23152,0.6305671296296296,4
1877,23153,1.394652777777778,4
1878,23157,4.295474537037037,4
1879,23159,6.908206018518518,4
1880,23160,9.381099537037038,3
1881,23161,14.728078703703703,1
1882,23162,14.771655092592592,3
1883,23163,15.749907407407408,3
1884,23165,0.2073032407407407,1
1885,23170,3.563645833333333,3
1886,23173,6.9362615740740745,0
1887,23174,13.4675,3
1888,23177,16.15039351851852,3
1889,23188,0.0,4
1890,23189,0.2277662037037037,4
1891,23195,0.2189467592592592,1
1892,23197,0.2241782407407407,0
1893,23198,0.2245254629629629,3
1894,23219,0.0,0
1895,23225,3.868171296296296,3
1896,23228,26.095266203703705,3
1897,23232,34.220729166666665,4
1898,23233,38.14168981481482,2
1899,23234,38.14899305555556,2
1900,23235,38.156030092592594,2
1901,23244,148.94585648148148,2
1902,23245,237.78539351851853,4
1903,23292,17.81997685185185,1
1904,23294,17.830949074074073,1
1905,23312,25.54570601851852,1
1906,23353,32.52736111111111,1
1907,23355,32.56034722222222,4
1908,23368,33.08402777777778,3
1909,23381,33.16809027777778,3
1910,23407,35.87895833333334,4
1911,23411,35.88508101851852,3
1912,23418,35.99568287037037,3
1913,23421,36.00347222222222,4
1914,23423,36.011689814814815,3
1915,23430,38.07686342592593,0
1916,23431,38.07939814814815,1
1917,23432,38.08733796296296,3
1918,23442,38.62841435185185,0
1919,23460,40.774409722222224,1
1920,23472,44.2407175925926,4
1921,23480,44.97454861111112,3
1922,23505,45.59211805555556,1
1923,23559,0.8740856481481482,4
1924,23560,0.0,2
1925,23561,6.422800925925926,2
1926,23565,0.0,2
1927,23696,98.70796296296297,2
1928,23711,103.03262731481482,1
1929,23714,103.24743055555555,1
1930,23752,171.06137731481482,1
1931,23766,180.1066087962963,2
1932,23780,189.28954861111117,0
1933,23821,0.0,1
1934,23824,0.0,3
1935,23825,18.201527777777777,3
1936,23828,0.0,1
1937,23830,28.125949074074075,2
1938,23850,0.0,4
1939,23851,5.168333333333333,2
1940,23852,11.47269675925926,2
1941,23853,17.85335648148148,2
1942,23854,30.13539351851852,2
1943,23857,48.12140046296297,2
1944,23858,53.11623842592593,2
1945,23859,2.2882291666666665,3
1946,23861,5.1075,3
1947,23862,9.020162037037036,3
1948,23863,9.394918981481482,3
1949,23864,10.38724537037037,2
1950,23865,10.390046296296296,4
1951,23866,10.393912037037037,3
1952,23867,10.3953125,3
1953,23868,11.324942129629632,3
1954,23869,11.326030092592594,3
1955,23871,12.228738425925926,2
1956,23872,20.155671296296298,3
1957,23873,28.153136574074075,4
1958,23875,29.729861111111116,4
1959,23878,40.21003472222223,4
1960,23880,42.255439814814814,4
1961,23881,42.25761574074074,1
1962,23886,52.11079861111112,1
1963,23887,52.1118287037037,4
1964,23889,52.496631944444445,2
1965,23890,52.50237268518519,3
1966,23895,0.0,2
1967,23898,1.0860185185185185,2
1968,23906,4.860219907407408,2
1969,23936,1.321712962962963,1
1970,23947,2.859803240740741,2
1971,23961,4.857256944444444,4
1972,23990,5.873287037037038,1
1973,24022,6.88636574074074,3
1974,24051,7.1028125,4
1975,24084,8.409074074074073,2
1976,24114,10.482164351851852,1
1977,24126,10.925868055555556,2
1978,24144,12.043298611111112,3
1979,24147,12.149409722222222,2
1980,24177,12.877002314814815,1
1981,24187,14.946967592592593,1
1982,24194,15.040046296296296,4
1983,24223,16.025289351851853,4
1984,24239,17.025891203703704,2
1985,24250,0.0170717592592592,3
1986,24252,0.0204861111111111,3
1987,24262,3.3860763888888887,3
1988,24277,12.503958333333332,3
1989,24311,0.0,2
1990,24312,5.145844907407407,2
1991,24323,46.17864583333334,2
1992,24330,0.0,4
1993,24334,0.0,3
1994,24338,18.56684027777778,4
1995,24339,31.13273148148148,2
1996,24347,26.09515046296296,4
1997,24351,27.28045138888889,1
1998,24353,27.99076388888889,3
1999,24356,0.1119907407407407,2
2000,24366,33.92038194444444,1
2001,24369,38.63608796296296,3
2002,24376,58.44320601851852,2
2003,24384,64.1120138888889,4
2004,24388,69.30912037037037,2
2005,24409,0.0,3
2006,24416,0.0688194444444444,4
2007,24419,0.1404513888888889,4
2008,24455,16.41371527777778,1
2009,24457,17.066412037037036,1
2010,24458,17.06849537037037,0
2011,24459,17.068993055555556,4
2012,24460,17.237488425925925,3
2013,24464,21.928611111111117,1
2014,24465,26.008425925925927,3
2015,24467,28.37508101851852,3
2016,24516,36.96833333333333,3
2017,24524,38.20173611111111,3
2018,24530,38.3749537037037,1
2019,24543,42.40575231481481,1
2020,24544,42.41148148148148,0
2021,24545,42.951875,3
2022,24546,42.96822916666667,1
2023,24549,43.07209490740741,0
2024,24550,43.07454861111111,1
2025,24551,43.07694444444444,0
2026,24552,43.07744212962963,1
2027,24553,43.0940162037037,0
2028,24554,43.11799768518519,0
2029,24555,43.118229166666666,0
2030,24557,43.12724537037037,1
2031,24558,43.17469907407408,0
2032,24559,43.18753472222223,1
2033,24560,43.20724537037037,1
2034,24564,45.00237268518519,3
2035,24567,45.15456018518519,3
2036,24619,54.61422453703704,1
2037,24620,54.615451388888886,4
2038,24621,54.618726851851854,1
2039,24628,55.055671296296296,3
2040,24629,55.06400462962963,1
2041,24630,55.06474537037037,4
2042,24633,55.06909722222223,4
2043,24636,55.076203703703705,3
2044,24637,55.07783564814815,4
2045,24640,55.12355324074074,1
2046,24641,55.12707175925926,1
2047,24643,55.12834490740741,3
2048,24644,55.13466435185185,1
2049,24647,55.14521990740741,1
2050,24648,55.14731481481481,1
2051,24649,55.14974537037037,1
2052,24650,55.15122685185185,1
2053,24651,55.15327546296297,1
2054,24652,55.15449074074074,1
2055,24654,55.161145833333336,0
2056,24655,55.25685185185185,2
2057,24656,55.282800925925926,3
2058,24675,58.0884375,1
2059,24676,58.090497685185184,3
2060,24685,58.238125,3
2061,24687,58.24133101851852,1
2062,24695,58.3956712962963,4
2063,24697,58.40953703703704,3
2064,24701,59.06239583333333,3
2065,24702,59.07630787037037,4
2066,24704,59.173125,3
2067,24705,59.17893518518518,3
2068,24720,60.129872685185184,3
2069,24735,61.93638888888889,3
2070,24739,62.00246527777778,4
2071,24772,64.04818287037037,3
2072,24776,64.0700462962963,3
2073,24777,64.07340277777777,3
2074,24778,64.0748611111111,3
2075,24779,64.08045138888889,4
2076,24781,64.0895949074074,3
2077,24782,64.09439814814814,3
2078,24787,65.35364583333333,1
2079,24795,67.1757986111111,4
2080,24796,68.24767361111111,2
2081,24797,68.27484953703704,2
2082,24803,68.41738425925926,4
2083,24822,69.23172453703704,2
2084,24823,69.28305555555555,3
2085,24824,69.30583333333334,4
2086,24829,71.2909837962963,3
2087,24842,72.02663194444445,3
2088,24851,0.0,2
2089,24869,0.0,4
2090,24871,0.0,4
2091,24878,0.2738078703703703,0
2092,24880,1.1903703703703703,4
2093,24907,0.0562384259259259,0
2094,24909,0.1429861111111111,1
2095,24921,1.187523148148148,3
2096,24970,45.09188657407408,1
2097,25000,73.98734953703703,1
2098,25008,0.0,4
2099,25009,0.1480671296296296,2
2100,25013,336.0896412037037,3
2101,25014,0.0,2
2102,25107,35.925613425925924,4
2103,25113,0.0,2
2104,25122,106.82502314814816,2
2105,25123,107.02210648148149,2
2106,25127,133.85555555555555,2
2107,25131,327.27708333333334,4
2108,25134,1.7483217592592593,1
2109,25142,35.281527777777775,0
2110,25143,35.28952546296296,1
2111,25151,44.69721064814815,3
2112,25226,138.05244212962964,2
2113,25301,670.6450347222222,4
2114,25336,0.0,4
2115,25337,0.0031134259259259,4
2116,25343,0.0,2
2117,25344,2.8614583333333337,2
2118,25347,75.06928240740741,4
2119,25352,121.11010416666667,2
2120,25355,133.95751157407406,2
2121,25359,142.8086111111111,2
2122,25376,58.3440625,2
2123,25393,75.89652777777778,2
2124,25400,84.85532407407408,2
2125,25401,85.20015046296297,4
2126,25427,143.86953703703705,2
2127,25428,143.89123842592593,1
2128,25430,0.0,4
2129,25432,5.926631944444445,2
2130,25445,254.74890046296292,4
2131,25446,498.0904513888889,4
2132,25577,86.77246527777778,4
2133,25581,87.76275462962964,4
2134,25688,269.7402083333333,3
2135,25721,468.4898726851852,1
2136,25760,498.6017939814815,1
2137,25787,523.5693981481481,1
2138,25798,3.0281828703703706,4
2139,25813,0.6674421296296297,2
2140,25821,1.0801041666666666,3
2141,25822,1.0842939814814814,1
2142,25849,1.551435185185185,0
2143,25852,1.642037037037037,2
2144,25856,2.2631944444444443,0
2145,25858,2.466145833333333,3
2146,25862,2.508726851851852,2
2147,25866,2.525,2
2148,25867,2.5267476851851853,2
2149,25889,2.9428587962962967,3
2150,25890,2.990092592592593,1
2151,25893,3.02457175925926,3
2152,25916,3.420752314814815,3
2153,25958,4.47417824074074,3
2154,25993,4.96412037037037,4
2155,26077,44.4329050925926,1
2156,26093,45.35655092592593,3
2157,26172,0.0,3
2158,26182,0.0,2
2159,26183,4.170381944444444,3
2160,26189,64.43782407407407,4
2161,26190,64.77803240740741,4
2162,26191,70.91337962962963,4
2163,26193,81.91915509259259,4
2164,26194,89.20119212962965,2
2165,26196,0.0,4
2166,26197,1.4530555555555558,4
2167,26199,7.025578703703704,2
2168,26202,5.38449074074074,4
2169,26205,33.259236111111115,4
2170,26206,0.0,2
2171,26207,0.8238657407407407,2
2172,26208,0.0,4
2173,26210,3.795451388888889,1
2174,26211,3.798703703703704,1
2175,26212,0.0,2
2176,26216,92.21221064814816,2
2177,26218,99.33230324074074,2
2178,26219,102.83787037037035,2
2179,26220,122.27269675925926,2
2180,26228,202.4561111111111,2
2181,26231,222.41774305555555,2
2182,26232,223.35239583333333,2
2183,26247,41.30283564814815,3
2184,26251,41.33265046296296,2
2185,26255,48.18726851851852,1
2186,26261,51.00751157407407,2
2187,26262,51.06238425925926,2
2188,26263,51.09803240740741,3
2189,26283,76.85517361111111,3
2190,26288,80.43366898148147,1
2191,26297,88.16461805555556,4
2192,26309,97.26083333333334,2
2193,26329,104.9925925925926,3
2194,26337,108.5117013888889,3
2195,26338,109.05133101851852,4
2196,26404,150.08462962962963,1
2197,26405,150.18612268518518,3
2198,26412,160.30759259259258,4
2199,26445,206.27,3
2200,26448,207.15328703703705,3
2201,26473,220.3847453703704,3
2202,26490,222.38552083333332,3
2203,26491,222.3867824074074,0
2204,26492,222.4111689814815,1
2205,26556,242.3287615740741,0
2206,26560,242.42138888888888,4
2207,26565,242.4387847222222,4
2208,26583,243.20891203703704,3
2209,26612,255.1404861111111,3
2210,26619,255.4516898148148,2
2211,26626,257.1333217592593,4
2212,26632,262.23114583333336,3
2213,26638,262.27125,3
2214,26644,262.3551967592593,1
2215,26654,269.9219444444444,3
2216,26665,276.697025462963,4
2217,26716,0.0,3
2218,26721,216.7571064814815,0
2219,26755,90.98145833333336,2
2220,26886,22.162453703703708,2
2221,26969,0.0,4
2222,27023,0.0,2
2223,27024,23.04123842592593,3
2224,27046,18.677627314814814,2
2225,27064,0.0,4
2226,27068,3.077743055555556,4
2227,27069,3.1022916666666664,4
2228,27075,3.075277777777778,3
2229,27077,3.114212962962963,3
2230,27078,3.8873611111111113,1
2231,27103,0.0,4
2232,27112,0.0,4
2233,27113,0.2506481481481482,3
2234,27118,0.2706944444444444,3
2235,27126,0.0,2
2236,27129,52.41101851851852,2
2237,27132,0.0,4
2238,27134,0.0,4
2239,27164,53.92881944444444,4
2240,27205,0.8148611111111111,4
2241,27211,13.886712962962964,3
2242,27270,170.09166666666667,3
2243,27329,285.0320486111111,1
2244,27364,356.03712962962965,3
2245,27370,0.0,2
2246,27392,0.0,2
2247,27393,15.170243055555556,2
2248,27397,0.0,4
2249,27400,76.0691550925926,2
2250,27406,22.33524305555556,3
2251,27417,36.318391203703705,3
2252,27418,37.95524305555556,4
2253,27438,69.26930555555556,3
2254,27457,0.0,2
2255,27460,335.69925925925924,2
2256,27461,425.4386342592592,2
2257,27463,505.1459375,4
2258,27513,341.67261574074075,1
2259,27558,21.13246527777778,4
2260,27560,20.55865740740741,0
2261,27561,20.566087962962964,1
2262,27566,0.0,4
2263,27576,58.88929398148148,1
2264,27579,91.55387731481484,3
2265,27580,91.5584027777778,0
2266,27581,91.7571875,3
2267,27582,92.02186342592594,1
2268,27583,92.7079513888889,1
2269,27585,96.44496527777778,1
2270,27588,103.09574074074074,1
2271,27599,0.0,2
2272,27600,0.0287152777777777,2
2273,27603,175.5507175925926,2
2274,27604,38.53423611111111,3
2275,27605,38.68454861111111,3
2276,27622,55.25516203703704,4
2277,27627,137.04847222222222,1
2278,27635,433.41295138888887,1
2279,27636,447.1789814814815,3
2280,27719,11.208587962962964,1
2281,27761,13.857800925925924,1
2282,27780,15.983541666666667,1
2283,27886,54.82100694444444,1
2284,28007,1.028333333333333,2
2285,28012,0.0,0
2286,28016,1.0229282407407407,3
2287,28028,10.408275462962964,3
2288,28029,11.58246527777778,3
2289,28086,111.02998842592592,0
2290,28163,191.15383101851853,3
2291,28165,191.22953703703703,1
2292,28174,209.3826273148148,0
2293,28186,259.0893287037037,3
2294,28193,267.12118055555555,1
2295,28194,267.1410416666667,3
2296,28221,304.3091550925926,1
2297,28236,364.0500694444445,0
2298,28240,364.583587962963,0
2299,28244,365.2061111111112,0
2300,28245,365.4295601851852,0
2301,28295,483.4865046296296,0
2302,28334,551.5275810185185,1
2303,28382,0.0,3
2304,28384,10.346701388888889,2
2305,28386,11.296319444444446,2
2306,28387,12.563877314814814,1
2307,28389,15.68582175925926,2
2308,28390,18.39241898148148,2
2309,28392,22.722025462962964,4
2310,28393,24.641076388888887,4
2311,28394,27.41402777777778,2
2312,28396,30.74701388888889,2
2313,28397,31.408854166666668,2
2314,28398,34.081944444444446,2
2315,28399,35.07710648148148,2
2316,28400,43.62659722222223,2
2317,28403,45.57146990740741,2
2318,28404,50.46442129629629,2
2319,28405,120.15417824074072,2
2320,28412,8.594293981481481,3
2321,28416,8.665092592592593,0
2322,28420,8.98,1
2323,28421,9.146747685185185,1
2324,28424,10.322152777777776,2
2325,28428,10.708668981481482,4
2326,28443,20.538310185185185,0
2327,28446,21.109618055555558,3
2328,28449,21.586388888888887,4
2329,28450,21.612997685185185,4
2330,28452,23.50678240740741,1
2331,28454,24.37881944444445,1
2332,28456,24.58681712962963,3
2333,28457,24.61349537037037,4
2334,28461,28.491203703703704,3
2335,28463,31.179305555555555,1
2336,28464,31.18505787037037,1
2337,28468,33.858831018518515,3
2338,28470,33.860856481481484,1
2339,28472,33.862604166666664,1
2340,28476,33.86428240740741,1
2341,28477,34.990891203703704,1
2342,28485,120.1333449074074,3
2343,28515,0.0011805555555555,1
2344,28530,15.547106481481482,1
2345,28533,149.94824074074074,1
2346,28537,0.0,2
2347,28553,7.567627314814815,1
2348,28596,8.492037037037036,1
2349,28597,8.492650462962963,4
2350,28601,8.595983796296297,3
2351,28605,8.602511574074073,4
2352,28610,8.917337962962963,4
2353,28627,8.954814814814815,2
2354,28630,8.96287037037037,2
2355,28642,12.567766203703703,4
2356,28663,25.90641203703704,4
2357,28674,56.92841435185185,4
2358,28679,57.04144675925926,4
2359,28686,57.10091435185185,2
2360,28695,63.01943287037037,4
2361,28710,74.84627314814814,4
2362,28712,74.84788194444444,1
2363,28720,75.32978009259259,3
2364,28727,76.15833333333333,4
2365,28734,105.79039351851851,1
2366,28745,127.82068287037038,3
2367,28746,133.63203703703704,3
2368,28748,134.2412615740741,4
2369,28768,164.89142361111112,4
2370,28775,168.98597222222222,2
2371,28802,201.21979166666668,4
2372,28804,231.3095601851852,2
2373,28805,0.0,4
2374,28812,0.0,3
2375,28815,46.05685185185186,2
2376,28818,425.18734953703705,4
2377,28843,0.0,2
2378,28852,0.0,4
2379,28853,140.98503472222222,4
2380,28854,407.6728009259259,1
2381,28856,0.0,4
2382,28857,5.053356481481481,2
2383,28858,0.0,3
2384,28862,3.265162037037037,2
2385,28874,1.6401273148148148,4
2386,28875,1.6561574074074077,0
2387,28876,1.6569097222222222,3
2388,28877,1.659224537037037,3
2389,28878,1.6617824074074077,4
2390,28879,1.6703009259259258,2
2391,28881,2.414837962962963,3
2392,28890,2.436076388888889,4
2393,28894,3.4390972222222222,4
2394,28913,69.03361111111111,4
2395,28914,0.0,1
2396,28916,5.320034722222222,1
2397,28938,56.99219907407407,1
2398,28940,58.81359953703704,1
2399,28941,58.96277777777778,3
2400,28948,67.27181712962962,1
2401,28952,69.01052083333333,3
2402,28958,89.97494212962964,1
2403,28971,245.90652777777777,3
2404,28974,250.15898148148148,4
2405,28984,0.0,3
2406,28988,93.6514351851852,2
2407,29058,158.6376273148148,0
2408,29098,0.0,2
2409,29099,10.057141203703704,2
2410,29100,0.0,1
2411,29101,0.0052314814814814,3
2412,29103,138.02773148148148,4
2413,29119,189.6366203703704,3
2414,29121,189.7163541666667,1
2415,29127,0.0,4
2416,29128,3.5016782407407407,2
2417,29129,4.541550925925926,2
2418,29130,7.264201388888889,2
2419,29131,11.40766203703704,2
2420,29136,25.52130787037037,2
2421,29138,28.38334490740741,2
2422,29153,30.299444444444443,0
2423,29154,30.33920138888889,4
2424,29158,0.0,4
2425,29162,73.15296296296296,3
2426,29206,0.0,2
2427,29207,28.641979166666665,2
2428,29224,0.0,3
2429,29238,8.588842592592593,3
2430,29267,26.312395833333333,0
2431,29268,26.345914351851853,0
2432,29293,32.25157407407407,1
2433,29523,169.32336805555556,1
2434,29640,0.0,1
2435,29642,0.7507060185185186,0
2436,29643,0.789375,1
2437,29644,0.8185416666666666,0
2438,29646,0.8296296296296296,0
2439,29647,0.831574074074074,3
2440,29648,0.9040162037037036,1
2441,29650,0.9107638888888888,3
2442,29651,0.9325462962962964,1
2443,29653,1.1899074074074074,1
2444,29654,1.1911458333333331,2
2445,29656,1.2202777777777778,1
2446,29657,1.2230324074074077,3
2447,29658,1.2260763888888888,1
2448,29660,1.2454050925925926,4
2449,29661,1.2490277777777778,0
2450,29662,1.2494212962962965,1
2451,29664,1.264548611111111,3
2452,29666,1.2701157407407409,3
2453,29667,1.271400462962963,0
2454,29668,1.2722916666666666,1
2455,29669,1.274212962962963,1
2456,29672,1.2758564814814817,0
2457,29675,0.0,3
2458,29684,9.503483796296296,4
2459,29688,0.0,4
2460,29689,2.4544791666666668,3
2461,29693,0.0,3
2462,29694,42.60380787037037,4
2463,29696,0.0,4
2464,29706,44.67430555555556,4
2465,29707,48.87607638888889,2
2466,29708,56.57945601851852,4
2467,29716,12.583275462962964,1
2468,29734,21.657060185185188,4
2469,29750,40.17038194444444,3
2470,29775,40.751296296296296,4
2471,29776,40.76021990740741,3
2472,29783,40.78052083333333,3
2473,29787,44.65243055555556,3
2474,29795,48.87192129629629,1
2475,29807,55.39590277777778,3
2476,29809,55.40564814814815,3
2477,29813,55.625405092592594,4
2478,29816,55.63894675925926,3
2479,29822,55.660694444444445,4
2480,29829,56.5543287037037,4
2481,29859,243.30548611111112,1
2482,29928,441.6696875,1
2483,29929,441.671863425926,0
2484,29948,491.6452777777778,0
2485,29971,557.5828356481481,1
2486,29980,572.3195138888889,1
2487,30279,10.951423611111112,4
2488,30280,10.956296296296298,3
2489,30300,153.04703703703703,3
2490,30309,0.0,2
2491,30310,35.37767361111111,4
2492,30315,0.0,2
2493,30316,16.006157407407407,2
2494,30317,27.147858796296298,2
2495,30318,113.6945949074074,2
2496,30319,123.68143518518518,2
2497,30320,166.17836805555555,2
2498,30321,171.62662037037038,2
2499,30322,221.77435185185183,4
2500,30324,23.04621527777778,2
2501,30326,26.702650462962964,2
2502,30327,29.246041666666667,2
2503,30329,45.04393518518519,4
2504,30331,100.57578703703705,4
2505,30338,170.60458333333332,4
2506,30339,170.60778935185186,4
2507,30340,170.66753472222223,2
2508,30342,170.68085648148147,4
2509,30343,170.84715277777778,2
2510,30348,171.1875347222222,3
2511,30349,171.19037037037037,3
2512,30350,171.19921296296295,3
2513,30352,171.21636574074074,4
2514,30357,0.0,2
2515,30359,0.0,2
2516,30360,0.020474537037037,2
2517,30361,0.0,2
2518,30368,37.47384259259259,2
2519,30394,41.19104166666666,4
2520,30395,47.9809375,3
2521,30424,104.80635416666668,4
2522,30492,0.0,1
2523,30496,25.38256944444445,3
2524,30510,121.40798611111111,1
2525,30530,149.470625,3
2526,30532,149.47707175925925,1
2527,30542,152.3602314814815,1
2528,30551,156.74752314814816,0
2529,30578,326.4304861111111,3
2530,30579,327.72496527777776,1
2531,30587,400.775,1
2532,30590,433.330925925926,1
2533,30599,506.6142129629629,0
2534,30633,537.7988657407408,1
2535,30636,539.6509143518518,1
2536,30637,539.6736921296297,4
2537,30638,539.7345601851852,4
2538,30639,539.7611111111111,3
2539,30652,547.918912037037,3
2540,30679,560.7039814814815,1
2541,30689,583.5911458333334,1
2542,30693,24.885590277777776,2
2543,30694,35.13966435185185,2
2544,30695,16.894039351851852,2
2545,30700,18.544050925925927,2
2546,30704,29.894525462962964,2
2547,30719,0.8625231481481481,4
2548,30729,1.9744560185185185,4
2549,30732,2.742743055555556,2
2550,30750,3.97875,2
2551,30757,5.136597222222222,4
2552,30765,5.967199074074075,2
2553,30794,7.741956018518518,3
2554,30797,7.807037037037037,2
2555,30804,8.637037037037038,2
2556,30806,8.667766203703703,2
2557,30807,8.683726851851851,2
2558,30823,9.80181712962963,4
2559,30824,9.824131944444444,4
2560,30841,10.045347222222222,2
2561,30842,10.355405092592592,3
2562,30843,10.451087962962964,1
2563,30847,10.87695601851852,1
2564,30848,10.93238425925926,4
2565,30849,10.937094907407408,2
2566,30855,12.579050925925928,2
2567,30867,14.404074074074074,2
2568,30892,15.69582175925926,1
2569,30896,15.774652777777778,2
2570,30897,15.818587962962964,3
2571,30898,15.841041666666667,2
2572,30906,16.038310185185185,2
2573,30908,16.736550925925926,4
2574,30914,16.817175925925927,1
2575,30919,16.84230324074074,4
2576,30920,16.863831018518518,3
2577,30921,16.8646875,3
2578,30922,16.865601851851853,4
2579,30940,18.577118055555555,2
2580,30941,18.71982638888889,2
2581,30944,19.49724537037037,2
2582,30948,20.72980324074074,4
2583,30991,21.938449074074075,2
2584,30993,22.352650462962966,4
2585,30994,22.46771990740741,2
2586,30997,22.721516203703708,2
2587,30998,22.763067129629636,4
2588,31002,22.84055555555556,4
2589,31003,22.849664351851853,2
2590,31004,22.849976851851853,2
2591,31005,22.8566550925926,2
2592,31006,22.88320601851852,2
2593,31007,22.9403125,4
2594,31011,23.10524305555556,4
2595,31014,23.109918981481485,4
2596,31016,23.11841435185185,4
2597,31028,24.281400462962964,4
2598,31031,24.28796296296296,2
2599,31033,24.59460648148148,3
2600,31055,26.263449074074074,2
2601,31064,28.10653935185185,2
2602,31065,28.12106481481481,1
2603,31070,29.79287037037037,2
2604,31073,29.824467592592597,2
2605,31078,30.585810185185185,2
2606,31079,30.589733796296297,3
2607,31080,30.841608796296292,2
2608,31082,31.65369212962963,4
2609,31087,32.20386574074074,2
2610,31097,34.93799768518519,2
2611,31107,186.48145833333336,4
2612,31111,205.4789236111111,2
2613,31127,218.0788078703704,4
2614,31145,309.8296990740741,4
2615,31146,309.86621527777777,4
2616,31147,310.91832175925924,2
2617,31148,0.0,3
2618,31161,0.0,3
2619,31169,0.0,2
2620,31170,6.987881944444444,2
2621,31171,0.0,4
2622,31178,0.0753703703703703,2
2623,31179,0.3579513888888889,2
2624,31259,227.09027777777777,1
2625,31391,435.9440509259259,0
2626,31395,0.0,4
2627,31474,11.92125,4
2628,31495,0.0,4
2629,31496,3.6492824074074073,1
2630,31508,5.781099537037037,4
2631,31539,6.831122685185186,1
2632,31541,6.835266203703704,3
2633,31570,61.68189814814815,4
2634,31663,84.90733796296297,0
2635,31686,95.80681712962964,0
2636,31727,362.0998032407408,4
2637,31728,362.5124537037037,3
2638,31729,0.0,1
2639,31734,0.0344097222222222,0
2640,31784,7.167511574074074,1
2641,31791,9.135069444444444,0
2642,31858,16.031678240740742,0
2643,31872,0.1520486111111111,1
2644,31874,0.1805092592592592,1
2645,31875,0.5502777777777778,0
2646,31876,1.8464351851851848,4
2647,31878,2.406203703703704,4
2648,31879,3.107291666666667,4
2649,31880,3.4336458333333333,4
2650,31891,13.114618055555557,4
2651,31903,0.0,3
2652,31905,0.0,1
2653,31950,122.72787037037035,0
2654,31967,0.0,3
2655,31968,0.0013310185185185,3
2656,31969,0.0024884259259259,1
2657,31970,0.9988657407407407,1
2658,31971,1.528773148148148,3
2659,31972,1.5333449074074077,1
2660,32016,8.5146875,3
2661,32027,9.535046296296295,2
2662,32032,9.9496875,3
2663,32056,38.12893518518519,3
2664,32058,38.28994212962963,3
2665,32061,38.69611111111111,1
2666,32065,40.6508912037037,3
2667,32072,43.85309027777778,3
